2020-03-10,Delhi,4,0,0,0,47,31,16,0,0,0
2020-03-10,Haryana,0,14,0,0,47,31,16,0,0,0
2020-03-10,Karnataka,1,0,0,0,47,31,16,0,0,0
2020-03-10,Kerala,9,0,0,0,47,31,16,0,0,0
2020-03-10,Maharashtra,2,0,0,0,47,31,16,0,0,0
2020-03-10,Punjab,1,0,0,0,47,31,16,0,0,0
2020-03-10,Rajasthan,0,2,0,0,47,31,16,0,0,0
2020-03-10,Tamil Nadu,1,0,0,0,47,31,16,0,0,0
2020-03-10,Telengana,1,0,0,0,47,31,16,0,0,0
2020-03-10,Jammu and Kashmir,1,0,0,0,47,31,16,0,0,0
2020-03-10,Ladakh,2,0,0,0,47,31,16,0,0,0
2020-03-10,Uttar Pradesh,9,0,0,0,47,31,16,0,0,0
2020-03-11,Delhi,5,0,0,0,60,44,16,0,0,0
2020-03-11,Haryana,0,14,0,0,60,44,16,0,0,0
2020-03-11,Karnataka,4,0,0,0,60,44,16,0,0,0
2020-03-11,Kerala,17,0,0,0,60,44,16,0,0,0
2020-03-11,Maharashtra,2,0,0,0,60,44,16,0,0,0
2020-03-11,Punjab,1,0,0,0,60,44,16,0,0,0
2020-03-11,Rajasthan,1,2,0,0,60,44,16,0,0,0
2020-03-11,Tamil Nadu,1,0,0,0,60,44,16,0,0,0
2020-03-11,Telengana,1,0,0,0,60,44,16,0,0,0
2020-03-11,Jammu and Kashmir,1,0,0,0,60,44,16,0,0,0
2020-03-11,Ladakh,2,0,0,0,60,44,16,0,0,0
2020-03-11,Uttar Pradesh,9,0,0,0,60,44,16,0,0,0
2020-03-12,Delhi,6,0,0,0,73,56,17,0,0,0
2020-03-12,Haryana,0,14,0,0,73,56,17,0,0,0
2020-03-12,Karnataka,4,0,0,0,73,56,17,0,0,0
2020-03-12,Kerala,17,0,0,0,73,56,17,0,0,0
2020-03-12,Maharashtra,11,0,0,0,73,56,17,0,0,0
2020-03-12,Punjab,1,0,0,0,73,56,17,0,0,0
2020-03-12,Rajasthan,1,2,0,0,73,56,17,0,0,0
2020-03-12,Tamil Nadu,1,0,0,0,73,56,17,0,0,0
2020-03-12,Telengana,1,0,0,0,73,56,17,0,0,0
2020-03-12,Jammu and Kashmir,1,0,0,0,73,56,17,0,0,0
2020-03-12,Ladakh,3,0,0,0,73,56,17,0,0,0
2020-03-12,Uttar Pradesh,10,1,0,0,73,56,17,0,0,0
2020-03-13,Andhra Pradesh,1,0,0,0,82,65,17,10,2,0
2020-03-13,Delhi,7,0,1,1,82,65,17,10,2,0
2020-03-13,Haryana,0,14,0,0,82,65,17,10,2,0
2020-03-13,Karnataka,6,0,0,1,82,65,17,10,2,0
2020-03-13,Kerala,19,0,3,0,82,65,17,10,2,0
2020-03-13,Maharashtra,14,0,0,0,82,65,17,10,2,0
2020-03-13,Punjab,1,0,0,0,82,65,17,10,2,0
2020-03-13,Rajasthan,1,2,1,0,82,65,17,10,2,0
2020-03-13,Tamil Nadu,1,0,0,0,82,65,17,10,2,0
2020-03-13,Telengana,1,0,0,0,82,65,17,10,2,0
2020-03-13,Jammu and Kashmir,1,0,0,0,82,65,17,10,2,0
2020-03-13,Ladakh,3,0,0,0,82,65,17,10,2,0
2020-03-13,Uttar Pradesh,10,1,5,0,82,65,17,10,2,0
2020-03-14,Andhra Pradesh,1,0,0,0,84,67,17,10,2,0
2020-03-14,Delhi,7,0,1,1,84,67,17,10,2,0
2020-03-14,Haryana,0,14,0,0,84,67,17,10,2,0
2020-03-14,Karnataka,6,0,0,1,84,67,17,10,2,0
2020-03-14,Kerala,19,0,3,0,84,67,17,10,2,0
2020-03-14,Maharashtra,14,0,0,0,84,67,17,10,2,0
2020-03-14,Punjab,1,0,0,0,84,67,17,10,2,0
2020-03-14,Rajasthan,1,2,1,0,84,67,17,10,2,0
2020-03-14,Tamil Nadu,1,0,0,0,84,67,17,10,2,0
2020-03-14,Telengana,1,0,0,0,84,67,17,10,2,0
2020-03-14,Jammu and Kashmir,2,0,0,0,84,67,17,10,2,0
2020-03-14,Ladakh,3,0,0,0,84,67,17,10,2,0
2020-03-14,Uttar Pradesh,11,1,5,0,84,67,17,10,2,0
2020-03-15,Andhra Pradesh,1,0,0,0,110,93,17,13,2,0
2020-03-15,Delhi,7,0,2,1,110,93,17,13,2,0
2020-03-15,Haryana,0,14,0,0,110,93,17,13,2,0
2020-03-15,Karnataka,6,0,0,1,110,93,17,13,2,0
2020-03-15,Kerala,22,0,3,0,110,93,17,13,2,0
2020-03-15,Maharashtra,32,0,0,0,110,93,17,13,2,0
2020-03-15,Punjab,1,0,0,0,110,93,17,13,2,0
2020-03-15,Rajasthan,2,2,3,0,110,93,17,13,2,0
2020-03-15,Tamil Nadu,1,0,0,0,110,93,17,13,2,0
2020-03-15,Telengana,3,0,1,0,110,93,17,13,2,0
2020-03-15,Jammu and Kashmir,2,0,0,0,110,93,17,13,2,0
2020-03-15,Ladakh,3,0,0,0,110,93,17,13,2,0
2020-03-15,Uttar Pradesh,12,1,4,0,110,93,17,13,2,0
2020-03-15,Uttarakhand,1,0,0,0,110,93,17,13,2,0
2020-03-16,Andhra Pradesh,1,0,0,0,114,97,17,13,2,0
2020-03-16,Delhi,7,0,2,1,114,97,17,13,2,0
2020-03-16,Haryana,0,14,0,0,114,97,17,13,2,0
2020-03-16,Karnataka,6,0,0,1,114,97,17,13,2,0
2020-03-16,Kerala,23,0,3,0,114,97,17,13,2,0
2020-03-16,Maharashtra,32,0,0,0,114,97,17,13,2,0
2020-03-16,Odisha,1,0,0,0,114,97,17,13,2,0
2020-03-16,Punjab,1,0,0,0,114,97,17,13,2,0
2020-03-16,Rajasthan,2,2,3,0,114,97,17,13,2,0
2020-03-16,Tamil Nadu,1,0,0,0,114,97,17,13,2,0
2020-03-16,Telengana,3,0,1,0,114,97,17,13,2,0
2020-03-16,Jammu and Kashmir,3,0,0,0,114,97,17,13,2,0
2020-03-16,Ladakh,4,0,0,0,114,97,17,13,2,0
2020-03-16,Uttar Pradesh,12,1,4,0,114,97,17,13,2,0
2020-03-16,Uttarakhand,1,0,0,0,114,97,17,13,2,0
2020-03-17,Andhra Pradesh,1,0,0,0,137,113,24,14,3,0
2020-03-17,Delhi,8,0,2,1,137,113,24,14,3,0
2020-03-17,Haryana,1,14,0,0,137,113,24,14,3,0
2020-03-17,Karnataka,11,0,0,1,137,113,24,14,3,0
2020-03-17,Kerala,24,2,3,0,137,113,24,14,3,0
2020-03-17,Maharashtra,36,3,0,1,137,113,24,14,3,0
2020-03-17,Odisha,1,0,0,0,137,113,24,14,3,0
2020-03-17,Punjab,1,0,0,0,137,113,24,14,3,0
2020-03-17,Rajasthan,2,2,3,0,137,113,24,14,3,0
2020-03-17,Tamil Nadu,1,0,0,0,137,113,24,14,3,0
2020-03-17,Telengana,3,2,1,0,137,113,24,14,3,0
2020-03-17,Jammu and Kashmir,3,0,0,0,137,113,24,14,3,0
2020-03-17,Ladakh,6,0,0,0,137,113,24,14,3,0
2020-03-17,Uttar Pradesh,14,1,5,0,137,113,24,14,3,0
2020-03-17,Uttarakhand,1,0,0,0,137,113,24,14,3,0
2020-03-18,Andhra Pradesh,1,0,0,0,151,126,25,14,3,0
2020-03-18,Delhi,9,1,2,1,151,126,25,14,3,0
2020-03-18,Haryana,3,14,0,0,151,126,25,14,3,0
2020-03-18,Karnataka,11,0,0,1,151,126,25,14,3,0
2020-03-18,Kerala,25,2,3,0,151,126,25,14,3,0
2020-03-18,Maharashtra,39,3,0,1,151,126,25,14,3,0
2020-03-18,Odisha,1,0,0,0,151,126,25,14,3,0
2020-03-18,Puducherry,1,0,0,0,151,126,25,14,3,0
2020-03-18,Punjab,1,0,0,0,151,126,25,14,3,0
2020-03-18,Rajasthan,2,2,3,0,151,126,25,14,3,0
2020-03-18,Tamil Nadu,1,0,0,0,151,126,25,14,3,0
2020-03-18,Telengana,4,2,1,0,151,126,25,14,3,0
2020-03-18,Jammu and Kashmir,3,0,0,0,151,126,25,14,3,0
2020-03-18,Ladakh,8,0,0,0,151,126,25,14,3,0
2020-03-18,Uttar Pradesh,15,1,5,0,151,126,25,14,3,0
2020-03-18,Uttarakhand,1,0,0,0,151,126,25,14,3,0
2020-03-18,West Bengal,1,0,0,0,151,126,25,14,3,0
2020-03-19,Andhra Pradesh,2,0,0,0,173,148,25,20,4,0
2020-03-19,Chhattisgarh,1,0,0,0,173,148,25,20,4,0
2020-03-19,Delhi,11,1,3,1,173,148,25,20,4,0
2020-03-19,Haryana,3,14,0,0,173,148,25,20,4,0
2020-03-19,Karnataka,14,0,0,1,173,148,25,20,4,0
2020-03-19,Kerala,25,2,3,0,173,148,25,20,4,0
2020-03-19,Maharashtra,44,3,0,1,173,148,25,20,4,0
2020-03-19,Odisha,1,0,0,0,173,148,25,20,4,0
2020-03-19,Puducherry,1,0,0,0,173,148,25,20,4,0
2020-03-19,Punjab,2,0,0,1,173,148,25,20,4,0
2020-03-19,Rajasthan,5,2,3,0,173,148,25,20,4,0
2020-03-19,Tamil Nadu,2,0,1,0,173,148,25,20,4,0
2020-03-19,Telengana,4,2,1,0,173,148,25,20,4,0
2020-03-19,Chandigarh,1,0,0,0,173,148,25,20,4,0
2020-03-19,Jammu and Kashmir,4,0,0,0,173,148,25,20,4,0
2020-03-19,Ladakh,8,0,0,0,173,148,25,20,4,0
2020-03-19,Uttar Pradesh,18,1,9,0,173,148,25,20,4,0
2020-03-19,Uttarakhand,1,0,0,0,173,148,25,20,4,0
2020-03-19,West Bengal,1,0,0,0,173,148,25,20,4,0
2020-03-20,Andhra Pradesh,3,0,0,0,223,191,32,23,4,0
2020-03-20,Chhattisgarh,1,0,0,0,223,191,32,23,4,0
2020-03-20,Delhi,16,1,5,1,223,191,32,23,4,0
2020-03-20,Gujarat,5,0,0,0,223,191,32,23,4,0
2020-03-20,Haryana,3,14,0,0,223,191,32,23,4,0
2020-03-20,Karnataka,15,0,1,1,223,191,32,23,4,0
2020-03-20,Kerala,26,2,3,0,223,191,32,23,4,0
2020-03-20,Maharashtra,49,3,0,1,223,191,32,23,4,0
2020-03-20,Odisha,2,0,0,0,223,191,32,23,4,0
2020-03-20,Puducherry,1,0,0,0,223,191,32,23,4,0
2020-03-20,Punjab,2,0,0,1,223,191,32,23,4,0
2020-03-20,Rajasthan,15,2,3,0,223,191,32,23,4,0
2020-03-20,Tamil Nadu,3,0,1,0,223,191,32,23,4,0
2020-03-20,Telengana,8,9,1,0,223,191,32,23,4,0
2020-03-20,Chandigarh,1,0,0,0,223,191,32,23,4,0
2020-03-20,Jammu and Kashmir,4,0,0,0,223,191,32,23,4,0
2020-03-20,Ladakh,10,0,0,0,223,191,32,23,4,0
2020-03-20,Uttar Pradesh,22,1,9,0,223,191,32,23,4,0
2020-03-20,Uttarakhand,3,0,0,0,223,191,32,23,4,0
2020-03-20,West Bengal,2,0,0,0,223,191,32,23,4,0
2020-03-21,Andhra Pradesh,3,0,0,0,283,244,39,23,4,0
2020-03-21,Chhattisgarh,1,0,0,0,283,244,39,23,4,0
2020-03-21,Delhi,25,1,5,1,283,244,39,23,4,0
2020-03-21,Gujarat,7,0,0,0,283,244,39,23,4,0
2020-03-21,Haryana,3,14,0,0,283,244,39,23,4,0
2020-03-21,Himachal Pradesh,2,0,0,0,283,244,39,23,4,0
2020-03-21,Karnataka,15,0,1,1,283,244,39,23,4,0
2020-03-21,Kerala,33,7,3,0,283,244,39,23,4,0
2020-03-21,Madhya Pradesh,4,0,0,0,283,244,39,23,4,0
2020-03-21,Maharashtra,60,3,0,1,283,244,39,23,4,0
2020-03-21,Odisha,2,0,0,0,283,244,39,23,4,0
2020-03-21,Puducherry,1,0,0,0,283,244,39,23,4,0
2020-03-21,Punjab,13,0,0,1,283,244,39,23,4,0
2020-03-21,Rajasthan,15,2,3,0,283,244,39,23,4,0
2020-03-21,Tamil Nadu,3,0,1,0,283,244,39,23,4,0
2020-03-21,Telengana,10,11,1,0,283,244,39,23,4,0
2020-03-21,Chandigarh,1,0,0,0,283,244,39,23,4,0
2020-03-21,Jammu and Kashmir,4,0,0,0,283,244,39,23,4,0
2020-03-21,Ladakh,13,0,0,0,283,244,39,23,4,0
2020-03-21,Uttar Pradesh,23,1,9,0,283,244,39,23,4,0
2020-03-21,Uttarakhand,3,0,0,0,283,244,39,23,4,0
2020-03-21,West Bengal,3,0,0,0,283,244,39,23,4,0
2020-03-22,Andhra Pradesh,5,0,0,0,360,319,41,24,7,0
2020-03-22,Bihar,2,0,0,1,360,319,41,24,7,0
2020-03-22,Chhattisgarh,1,0,0,0,360,319,41,24,7,0
2020-03-22,Delhi,28,1,5,1,360,319,41,24,7,0
2020-03-22,Gujarat,18,0,0,1,360,319,41,24,7,0
2020-03-22,Haryana,7,14,0,0,360,319,41,24,7,0
2020-03-22,Himachal Pradesh,2,0,0,0,360,319,41,24,7,0
2020-03-22,Karnataka,26,0,2,1,360,319,41,24,7,0
2020-03-22,Kerala,45,7,3,0,360,319,41,24,7,0
2020-03-22,Madhya Pradesh,4,0,0,0,360,319,41,24,7,0
2020-03-22,Maharashtra,64,3,0,2,360,319,41,24,7,0
2020-03-22,Odisha,2,0,0,0,360,319,41,24,7,0
2020-03-22,Puducherry,1,0,0,0,360,319,41,24,7,0
2020-03-22,Punjab,21,0,0,1,360,319,41,24,7,0
2020-03-22,Rajasthan,22,2,3,0,360,319,41,24,7,0
2020-03-22,Tamil Nadu,5,2,1,0,360,319,41,24,7,0
2020-03-22,Telengana,11,11,1,0,360,319,41,24,7,0
2020-03-22,Chandigarh,5,0,0,0,360,319,41,24,7,0
2020-03-22,Jammu and Kashmir,4,0,0,0,360,319,41,24,7,0
2020-03-22,Ladakh,13,0,0,0,360,319,41,24,7,0
2020-03-22,Uttar Pradesh,26,1,9,0,360,319,41,24,7,0
2020-03-22,Uttarakhand,3,0,0,0,360,319,41,24,7,0
2020-03-22,West Bengal,4,0,0,0,360,319,41,24,7,0
2020-03-23,Andhra Pradesh,7,0,0,0,467,393,40,35,8,34
2020-03-23,Bihar,2,0,0,1,467,393,40,35,8,34
2020-03-23,Chhattisgarh,1,0,0,0,467,393,40,35,8,34
2020-03-23,Delhi,28,1,5,1,467,393,40,35,8,34
2020-03-23,Gujarat,29,0,0,1,467,393,40,35,8,34
2020-03-23,Haryana,12,14,11,0,467,393,40,35,8,34
2020-03-23,Himachal Pradesh,2,0,0,0,467,393,40,35,8,34
2020-03-23,Karnataka,33,0,2,1,467,393,40,35,8,34
2020-03-23,Kerala,60,7,3,0,467,393,40,35,8,34
2020-03-23,Madhya Pradesh,6,0,0,0,467,393,40,35,8,34
2020-03-23,Maharashtra,71,3,0,2,467,393,40,35,8,34
2020-03-23,Odisha,2,0,0,0,467,393,40,35,8,34
2020-03-23,Puducherry,1,0,0,0,467,393,40,35,8,34
2020-03-23,Punjab,21,0,0,1,467,393,40,35,8,34
2020-03-23,Rajasthan,26,2,3,0,467,393,40,35,8,34
2020-03-23,Tamil Nadu,7,2,1,0,467,393,40,35,8,34
2020-03-23,Telengana,22,10,1,0,467,393,40,35,8,34
2020-03-23,Chandigarh,6,0,0,0,467,393,40,35,8,34
2020-03-23,Jammu and Kashmir,4,0,0,0,467,393,40,35,8,34
2020-03-23,Ladakh,13,0,0,0,467,393,40,35,8,34
2020-03-23,Uttar Pradesh,30,1,9,0,467,393,40,35,8,34
2020-03-23,Uttarakhand,3,0,0,0,467,393,40,35,8,34
2020-03-23,West Bengal,7,0,0,1,467,393,40,35,8,34
2020-03-24,Andhra Pradesh,8,0,0,0,519,476,43,40,10,0
2020-03-24,Bihar,3,0,0,1,519,476,43,40,10,0
2020-03-24,Chhattisgarh,1,0,0,0,519,476,43,40,10,0
2020-03-24,Delhi,29,1,6,2,519,476,43,40,10,0
2020-03-24,Gujarat,32,1,0,1,519,476,43,40,10,0
2020-03-24,Haryana,14,14,11,0,519,476,43,40,10,0
2020-03-24,Himachal Pradesh,3,0,0,1,519,476,43,40,10,0
2020-03-24,Karnataka,37,0,3,1,519,476,43,40,10,0
2020-03-24,Kerala,87,8,4,0,519,476,43,40,10,0
2020-03-24,Madhya Pradesh,7,0,0,0,519,476,43,40,10,0
2020-03-24,Maharashtra,86,3,0,2,519,476,43,40,10,0
2020-03-24,Manipur,1,0,0,0,519,476,43,40,10,0
2020-03-24,Odisha,2,0,0,0,519,476,43,40,10,0
2020-03-24,Puducherry,1,0,0,0,519,476,43,40,10,0
2020-03-24,Punjab,29,0,0,1,519,476,43,40,10,0
2020-03-24,Rajasthan,30,2,3,0,519,476,43,40,10,0
2020-03-24,Tamil Nadu,13,2,1,0,519,476,43,40,10,0
2020-03-24,Telengana,25,10,1,0,519,476,43,40,10,0
2020-03-24,Chandigarh,7,0,0,0,519,476,43,40,10,0
2020-03-24,Jammu and Kashmir,4,0,0,0,519,476,43,40,10,0
2020-03-24,Ladakh,13,0,0,0,519,476,43,40,10,0
2020-03-24,Uttar Pradesh,32,1,11,0,519,476,43,40,10,0
2020-03-24,Uttarakhand,3,1,0,0,519,476,43,40,10,0
2020-03-24,West Bengal,9,0,0,1,519,476,43,40,10,0
2020-03-25,Andhra Pradesh,9,0,1,0,606,563,43,43,10,0
2020-03-25,Bihar,4,0,0,1,606,563,43,43,10,0
2020-03-25,Chhattisgarh,1,0,0,0,606,563,43,43,10,0
2020-03-25,Delhi,30,1,6,1,606,563,43,43,10,0
2020-03-25,Gujarat,37,1,0,1,606,563,43,43,10,0
2020-03-25,Haryana,14,14,11,0,606,563,43,43,10,0
2020-03-25,Himachal Pradesh,3,0,0,1,606,563,43,43,10,0
2020-03-25,Karnataka,41,0,3,1,606,563,43,43,10,0
2020-03-25,Kerala,101,8,4,0,606,563,43,43,10,0
2020-03-25,Madhya Pradesh,14,0,0,0,606,563,43,43,10,0
2020-03-25,Maharashtra,125,3,1,3,606,563,43,43,10,0
2020-03-25,Manipur,1,0,0,0,606,563,43,43,10,0
2020-03-25,Mizoram,1,0,0,0,606,563,43,43,10,0
2020-03-25,Odisha,2,0,0,0,606,563,43,43,10,0
2020-03-25,Puducherry,1,0,0,0,606,563,43,43,10,0
2020-03-25,Punjab,29,0,0,1,606,563,43,43,10,0
2020-03-25,Rajasthan,34,2,3,0,606,563,43,43,10,0
2020-03-25,Tamil Nadu,16,2,1,0,606,563,43,43,10,0
2020-03-25,Telengana,25,10,1,0,606,563,43,43,10,0
2020-03-25,Chandigarh,7,0,0,0,606,563,43,43,10,0
2020-03-25,Jammu and Kashmir,7,0,1,0,606,563,43,43,10,0
2020-03-25,Ladakh,13,0,0,0,606,563,43,43,10,0
2020-03-25,Uttar Pradesh,36,1,11,0,606,563,43,43,10,0
2020-03-25,Uttarakhand,3,1,0,0,606,563,43,43,10,0
2020-03-25,West Bengal,9,0,0,1,606,563,43,43,10,0
2020-03-26,Andaman and Nicobar Islands,1,0,0,0,694,647,47,45,15,0
2020-03-26,Andhra Pradesh,11,0,1,0,694,647,47,45,15,0
2020-03-26,Bihar,6,0,0,1,694,647,47,45,15,0
2020-03-26,Chandigarh,7,0,0,0,694,647,47,45,15,0
2020-03-26,Chhattisgarh,6,0,0,0,694,647,47,45,15,0
2020-03-26,Delhi,35,1,6,1,694,647,47,45,15,0
2020-03-26,Goa,3,0,0,0,694,647,47,45,15,0
2020-03-26,Gujarat,42,1,0,3,694,647,47,45,15,0
2020-03-26,Haryana,16,14,11,0,694,647,47,45,15,0
2020-03-26,Himachal Pradesh,3,0,0,1,694,647,47,45,15,0
2020-03-26,Jammu and Kashmir,13,0,1,0,694,647,47,45,15,0
2020-03-26,Karnataka,55,0,3,2,694,647,47,45,15,0
2020-03-26,Kerala,110,8,6,0,694,647,47,45,15,0
2020-03-26,Ladakh,13,0,0,0,694,647,47,45,15,0
2020-03-26,Madhya Pradesh,20,0,0,1,694,647,47,45,15,0
2020-03-26,Maharashtra,121,3,1,3,694,647,47,45,15,0
2020-03-26,Manipur,1,0,0,0,694,647,47,45,15,0
2020-03-26,Mizoram,1,0,0,0,694,647,47,45,15,0
2020-03-26,Odisha,2,0,0,0,694,647,47,45,15,0
2020-03-26,Puducherry,1,0,0,0,694,647,47,45,15,0
2020-03-26,Punjab,33,0,0,1,694,647,47,45,15,0
2020-03-26,Rajasthan,39,2,3,0,694,647,47,45,15,0
2020-03-26,Tamil Nadu,20,6,1,1,694,647,47,45,15,0
2020-03-26,Telengana,34,10,1,0,694,647,47,45,15,0
2020-03-26,Uttarakhand,4,1,0,0,694,647,47,45,15,0
2020-03-26,Uttar Pradesh,40,1,11,0,694,647,47,45,15,0
2020-03-26,West Bengal,10,0,0,1,694,647,47,45,15,0
2020-03-27,Andaman and Nicobar Islands,1,0,0,0,724,677,47,67,17,0
2020-03-27,Andhra Pradesh,12,0,1,0,724,677,47,67,17,0
2020-03-27,Bihar,6,0,0,1,724,677,47,67,17,0
2020-03-27,Chandigarh,7,0,0,0,724,677,47,67,17,0
2020-03-27,Chhattisgarh,6,0,0,0,724,677,47,67,17,0
2020-03-27,Delhi,35,1,6,1,724,677,47,67,17,0
2020-03-27,Goa,3,0,0,0,724,677,47,67,17,0
2020-03-27,Gujarat,42,1,0,3,724,677,47,67,17,0
2020-03-27,Haryana,16,14,11,0,724,677,47,67,17,0
2020-03-27,Himachal Pradesh,3,0,0,1,724,677,47,67,17,0
2020-03-27,Jammu and Kashmir,13,0,1,1,724,677,47,67,17,0
2020-03-27,Karnataka,55,0,3,2,724,677,47,67,17,0
2020-03-27,Kerala,129,8,11,0,724,677,47,67,17,0
2020-03-27,Ladakh,13,0,3,0,724,677,47,67,17,0
2020-03-27,Madhya Pradesh,20,0,0,1,724,677,47,67,17,0
2020-03-27,Maharashtra,127,3,15,4,724,677,47,67,17,0
2020-03-27,Manipur,1,0,0,0,724,677,47,67,17,0
2020-03-27,Mizoram,1,0,0,0,724,677,47,67,17,0
2020-03-27,Odisha,2,0,0,0,724,677,47,67,17,0
2020-03-27,Puducherry,1,0,0,0,724,677,47,67,17,0
2020-03-27,Punjab,33,0,0,1,724,677,47,67,17,0
2020-03-27,Rajasthan,39,2,3,0,724,677,47,67,17,0
2020-03-27,Tamil Nadu,23,6,1,1,724,677,47,67,17,0
2020-03-27,Telengana,35,10,1,0,724,677,47,67,17,0
2020-03-27,Uttarakhand,4,1,0,0,724,677,47,67,17,0
2020-03-27,Uttar Pradesh,40,1,11,0,724,677,47,67,17,0
2020-03-27,West Bengal,10,0,0,1,724,677,47,67,17,0
2020-03-28,Andhra Pradesh,14,0,1,0,909,862,47,80,19,0
2020-03-28,Andaman and Nicobar Islands,6,0,0,0,909,862,47,80,19,0
2020-03-28,Bihar,9,0,0,1,909,862,47,80,19,0
2020-03-28,Chandigarh,8,0,0,0,909,862,47,80,19,0
2020-03-28,Chhattisgarh,6,0,0,0,909,862,47,80,19,0
2020-03-28,Delhi,38,1,6,1,909,862,47,80,19,0
2020-03-28,Goa,3,0,0,0,909,862,47,80,19,0
2020-03-28,Gujarat,44,1,0,3,909,862,47,80,19,0
2020-03-28,Haryana,19,14,12,0,909,862,47,80,19,0
2020-03-28,Himachal Pradesh,3,0,0,1,909,862,47,80,19,0
2020-03-28,Jammu and Kashmir,20,0,1,1,909,862,47,80,19,0
2020-03-28,Karnataka,55,0,3,2,909,862,47,80,19,0
2020-03-28,Kerala,168,8,11,0,909,862,47,80,19,0
2020-03-28,Ladakh,13,0,3,0,909,862,47,80,19,0
2020-03-28,Madhya Pradesh,30,0,0,2,909,862,47,80,19,0
2020-03-28,Maharashtra,177,3,25,5,909,862,47,80,19,0
2020-03-28,Manipur,1,0,0,0,909,862,47,80,19,0
2020-03-28,Mizoram,1,0,0,0,909,862,47,80,19,0
2020-03-28,Odisha,3,0,0,0,909,862,47,80,19,0
2020-03-28,Puducherry,1,0,0,0,909,862,47,80,19,0
2020-03-28,Punjab,38,0,1,1,909,862,47,80,19,0
2020-03-28,Rajasthan,52,2,3,0,909,862,47,80,19,0
2020-03-28,Tamil Nadu,34,6,2,1,909,862,47,80,19,0
2020-03-28,Telengana,46,10,1,0,909,862,47,80,19,0
2020-03-28,Uttarakhand,4,1,0,0,909,862,47,80,19,0
2020-03-28,Uttar Pradesh,54,1,11,0,909,862,47,80,19,0
2020-03-28,West Bengal,15,0,0,1,909,862,47,80,19,0
2020-03-29,Andhra Pradesh,19,0,1,0,1024,976,48,96,27,0
2020-03-29,Andaman and Nicobar Islands,9,0,0,0,1024,976,48,96,27,0
2020-03-29,Bihar,11,0,0,1,1024,976,48,96,27,0
2020-03-29,Chandigarh,8,0,0,0,1024,976,48,96,27,0
2020-03-29,Chhattisgarh,7,0,0,0,1024,976,48,96,27,0
2020-03-29,Delhi,48,1,6,2,1024,976,48,96,27,0
2020-03-29,Goa,4,1,0,0,1024,976,48,96,27,0
2020-03-29,Gujarat,57,1,1,5,1024,976,48,96,27,0
2020-03-29,Haryana,19,14,17,0,1024,976,48,96,27,0
2020-03-29,Himachal Pradesh,3,0,0,1,1024,976,48,96,27,0
2020-03-29,Jammu and Kashmir,31,0,1,2,1024,976,48,96,27,0
2020-03-29,Karnataka,76,0,5,3,1024,976,48,96,27,0
2020-03-29,Kerala,174,8,15,1,1024,976,48,96,27,0
2020-03-29,Ladakh,13,0,3,0,1024,976,48,96,27,0
2020-03-29,Madhya Pradesh,30,0,0,2,1024,976,48,96,27,0
2020-03-29,Maharashtra,183,3,25,6,1024,976,48,96,27,0
2020-03-29,Manipur,1,0,0,0,1024,976,48,96,27,0
2020-03-29,Mizoram,1,0,0,0,1024,976,48,96,27,0
2020-03-29,Odisha,3,0,0,0,1024,976,48,96,27,0
2020-03-29,Puducherry,1,0,0,0,1024,976,48,96,27,0
2020-03-29,Punjab,38,0,1,1,1024,976,48,96,27,0
2020-03-29,Rajasthan,53,2,3,0,1024,976,48,96,27,0
2020-03-29,Tamil Nadu,43,6,4,1,1024,976,48,96,27,0
2020-03-29,Telengana,56,10,1,1,1024,976,48,96,27,0
2020-03-29,Uttarakhand,6,1,2,0,1024,976,48,96,27,0
2020-03-29,Uttar Pradesh,64,1,11,0,1024,976,48,96,27,0
2020-03-29,West Bengal,18,0,0,1,1024,976,48,96,27,0
2020-03-30,Andhra Pradesh,23,0,1,0,1251,1157,48,102,31,46
2020-03-30,Andaman and Nicobar Islands,9,0,0,0,1251,1157,48,102,31,46
2020-03-30,Bihar,15,0,0,1,1251,1157,48,102,31,46
2020-03-30,Chandigarh,8,0,0,0,1251,1157,48,102,31,46
2020-03-30,Chhattisgarh,7,0,0,0,1251,1157,48,102,31,46
2020-03-30,Delhi,86,1,6,2,1251,1157,48,102,31,46
2020-03-30,Goa,4,1,0,0,1251,1157,48,102,31,46
2020-03-30,Gujarat,68,1,1,6,1251,1157,48,102,31,46
2020-03-30,Haryana,22,14,18,0,1251,1157,48,102,31,46
2020-03-30,Himachal Pradesh,3,0,0,1,1251,1157,48,102,31,46
2020-03-30,Jammu and Kashmir,48,0,2,2,1251,1157,48,102,31,46
2020-03-30,Karnataka,83,0,5,3,1251,1157,48,102,31,46
2020-03-30,Kerala,194,8,19,1,1251,1157,48,102,31,46
2020-03-30,Ladakh,13,0,3,0,1251,1157,48,102,31,46
2020-03-30,Madhya Pradesh,47,0,0,3,1251,1157,48,102,31,46
2020-03-30,Maharashtra,195,3,25,8,1251,1157,48,102,31,46
2020-03-30,Manipur,1,0,0,0,1251,1157,48,102,31,46
2020-03-30,Mizoram,1,0,0,0,1251,1157,48,102,31,46
2020-03-30,Odisha,3,0,0,0,1251,1157,48,102,31,46
2020-03-30,Puducherry,1,0,0,0,1251,1157,48,102,31,46
2020-03-30,Punjab,38,0,1,1,1251,1157,48,102,31,46
2020-03-30,Rajasthan,57,2,3,0,1251,1157,48,102,31,46
2020-03-30,Tamil Nadu,61,6,4,1,1251,1157,48,102,31,46
2020-03-30,Telengana,61,10,1,1,1251,1157,48,102,31,46
2020-03-30,Uttarakhand,6,1,2,0,1251,1157,48,102,31,46
2020-03-30,Uttar Pradesh,81,1,11,0,1251,1157,48,102,31,46
2020-03-30,West Bengal,22,0,0,1,1251,1157,48,102,31,46
2020-03-31,Andhra Pradesh,40,0,1,0,1397,1311,48,124,35,38
2020-03-31,Andaman and Nicobar Islands,10,0,0,0,1397,1311,48,124,35,38
2020-03-31,Bihar,15,0,0,1,1397,1311,48,124,35,38
2020-03-31,Chandigarh,13,0,0,0,1397,1311,48,124,35,38
2020-03-31,Chhattisgarh,8,0,0,0,1397,1311,48,124,35,38
2020-03-31,Delhi,96,1,6,2,1397,1311,48,124,35,38
2020-03-31,Goa,4,1,0,0,1397,1311,48,124,35,38
2020-03-31,Gujarat,72,1,3,6,1397,1311,48,124,35,38
2020-03-31,Haryana,26,14,21,0,1397,1311,48,124,35,38
2020-03-31,Himachal Pradesh,3,0,0,1,1397,1311,48,124,35,38
2020-03-31,Jammu and Kashmir,54,0,2,2,1397,1311,48,124,35,38
2020-03-31,Karnataka,83,0,5,3,1397,1311,48,124,35,38
2020-03-31,Kerala,226,8,19,1,1397,1311,48,124,35,38
2020-03-31,Ladakh,13,0,3,0,1397,1311,48,124,35,38
2020-03-31,Madhya Pradesh,47,0,0,3,1397,1311,48,124,35,38
2020-03-31,Maharashtra,213,3,39,9,1397,1311,48,124,35,38
2020-03-31,Manipur,1,0,0,0,1397,1311,48,124,35,38
2020-03-31,Mizoram,1,0,0,0,1397,1311,48,124,35,38
2020-03-31,Odisha,3,0,0,0,1397,1311,48,124,35,38
2020-03-31,Puducherry,1,0,0,0,1397,1311,48,124,35,38
2020-03-31,Punjab,41,0,1,3,1397,1311,48,124,35,38
2020-03-31,Rajasthan,72,2,3,0,1397,1311,48,124,35,38
2020-03-31,Tamil Nadu,68,6,4,1,1397,1311,48,124,35,38
2020-03-31,Telengana,69,10,1,1,1397,1311,48,124,35,38
2020-03-31,Uttarakhand,6,1,2,0,1397,1311,48,124,35,38
2020-03-31,Uttar Pradesh,100,1,14,0,1397,1311,48,124,35,38
2020-03-31,West Bengal,26,0,0,2,1397,1311,48,124,35,38
2020-04-01,Andhra Pradesh,83,0,0,0,1834,1786,48,144,41,0
2020-04-01,Andaman and Nicobar Islands,10,0,1,0,1834,1786,48,144,41,0
2020-04-01,Assam,1,0,0,0,1834,1786,48,144,41,0
2020-04-01,Bihar,23,0,0,1,1834,1786,48,144,41,0
2020-04-01,Chandigarh,16,0,0,0,1834,1786,48,144,41,0
2020-04-01,Chhattisgarh,9,0,2,0,1834,1786,48,144,41,0
2020-04-01,Delhi,151,1,6,2,1834,1786,48,144,41,0
2020-04-01,Goa,4,1,0,0,1834,1786,48,144,41,0
2020-04-01,Gujarat,81,1,5,6,1834,1786,48,144,41,0
2020-04-01,Haryana,29,14,21,0,1834,1786,48,144,41,0
2020-04-01,Himachal Pradesh,3,0,0,1,1834,1786,48,144,41,0
2020-04-01,Jammu and Kashmir,62,0,2,2,1834,1786,48,144,41,0
2020-04-01,Jharkhand,1,0,0,0,1834,1786,48,144,41,0
2020-04-01,Karnataka,101,0,8,3,1834,1786,48,144,41,0
2020-04-01,Kerala,233,8,23,2,1834,1786,48,144,41,0
2020-04-01,Ladakh,13,0,3,0,1834,1786,48,144,41,0
2020-04-01,Madhya Pradesh,66,0,0,3,1834,1786,48,144,41,0
2020-04-01,Maharashtra,299,3,39,9,1834,1786,48,144,41,0
2020-04-01,Manipur,1,0,0,0,1834,1786,48,144,41,0
2020-04-01,Mizoram,1,0,0,0,1834,1786,48,144,41,0
2020-04-01,Odisha,4,0,0,0,1834,1786,48,144,41,0
2020-04-01,Puducherry,3,0,1,0,1834,1786,48,144,41,0
2020-04-01,Punjab,42,0,1,3,1834,1786,48,144,41,0
2020-04-01,Rajasthan,91,2,3,0,1834,1786,48,144,41,0
2020-04-01,Tamil Nadu,228,6,6,1,1834,1786,48,144,41,0
2020-04-01,Telengana,86,10,1,3,1834,1786,48,144,41,0
2020-04-01,Uttarakhand,6,1,2,0,1834,1786,48,144,41,0
2020-04-01,Uttar Pradesh,102,1,14,2,1834,1786,48,144,41,0
2020-04-01,West Bengal,37,0,6,3,1834,1786,48,144,41,0
2020-04-02,Andhra Pradesh,86,0,1,1,2069,2021,48,156,53,0
2020-04-02,Andaman and Nicobar Islands,10,0,0,0,2069,2021,48,156,53,0
2020-04-02,Assam,5,0,0,0,2069,2021,48,156,53,0
2020-04-02,Bihar,24,0,0,1,2069,2021,48,156,53,0
2020-04-02,Chandigarh,16,0,0,0,2069,2021,48,156,53,0
2020-04-02,Chhattisgarh,9,0,2,0,2069,2021,48,156,53,0
2020-04-02,Delhi,218,1,8,4,2069,2021,48,156,53,0
2020-04-02,Goa,4,1,0,0,2069,2021,48,156,53,0
2020-04-02,Gujarat,86,1,8,7,2069,2021,48,156,53,0
2020-04-02,Haryana,29,14,21,0,2069,2021,48,156,53,0
2020-04-02,Himachal Pradesh,3,0,1,1,2069,2021,48,156,53,0
2020-04-02,Jammu and Kashmir,62,0,2,2,2069,2021,48,156,53,0
2020-04-02,Jharkhand,1,0,0,0,2069,2021,48,156,53,0
2020-04-02,Karnataka,110,0,9,3,2069,2021,48,156,53,0
2020-04-02,Kerala,257,8,25,2,2069,2021,48,156,53,0
2020-04-02,Ladakh,13,0,3,0,2069,2021,48,156,53,0
2020-04-02,Madhya Pradesh,99,0,0,6,2069,2021,48,156,53,0
2020-04-02,Maharashtra,332,3,42,13,2069,2021,48,156,53,0
2020-04-02,Manipur,1,0,0,0,2069,2021,48,156,53,0
2020-04-02,Mizoram,1,0,0,0,2069,2021,48,156,53,0
2020-04-02,Odisha,4,0,0,0,2069,2021,48,156,53,0
2020-04-02,Puducherry,3,0,1,0,2069,2021,48,156,53,0
2020-04-02,Punjab,46,0,1,4,2069,2021,48,156,53,0
2020-04-02,Rajasthan,106,2,3,0,2069,2021,48,156,53,0
2020-04-02,Tamil Nadu,228,6,6,1,2069,2021,48,156,53,0
2020-04-02,Telengana,97,10,1,3,2069,2021,48,156,53,0
2020-04-02,Uttarakhand,6,1,2,0,2069,2021,48,156,53,0
2020-04-02,Uttar Pradesh,112,1,14,2,2069,2021,48,156,53,0
2020-04-02,West Bengal,53,0,6,3,2069,2021,48,156,53,0
2020-04-03,Andhra Pradesh,132,0,1,1,2547,2422,48,163,62,77
2020-04-03,Andaman and Nicobar Islands,10,0,0,0,2547,2422,48,163,62,77
2020-04-03,Arunachal Pradesh,1,0,0,0,2547,2422,48,163,62,77
2020-04-03,Assam,16,0,0,0,2547,2422,48,163,62,77
2020-04-03,Bihar,29,0,0,1,2547,2422,48,163,62,77
2020-04-03,Chandigarh,18,0,0,0,2547,2422,48,163,62,77
2020-04-03,Chhattisgarh,9,0,3,0,2547,2422,48,163,62,77
2020-04-03,Delhi,218,1,8,4,2547,2422,48,163,62,77
2020-04-03,Goa,5,1,0,0,2547,2422,48,163,62,77
2020-04-03,Gujarat,94,1,10,8,2547,2422,48,163,62,77
2020-04-03,Haryana,35,14,24,0,2547,2422,48,163,62,77
2020-04-03,Himachal Pradesh,6,0,1,1,2547,2422,48,163,62,77
2020-04-03,Jammu and Kashmir,75,0,3,2,2547,2422,48,163,62,77
2020-04-03,Jharkhand,2,0,0,0,2547,2422,48,163,62,77
2020-04-03,Karnataka,124,0,10,3,2547,2422,48,163,62,77
2020-04-03,Kerala,278,8,27,2,2547,2422,48,163,62,77
2020-04-03,Ladakh,14,0,3,0,2547,2422,48,163,62,77
2020-04-03,Madhya Pradesh,104,0,0,6,2547,2422,48,163,62,77
2020-04-03,Maharashtra,332,3,42,16,2547,2422,48,163,62,77
2020-04-03,Manipur,2,0,0,0,2547,2422,48,163,62,77
2020-04-03,Mizoram,1,0,0,0,2547,2422,48,163,62,77
2020-04-03,Odisha,5,0,0,0,2547,2422,48,163,62,77
2020-04-03,Puducherry,5,0,1,0,2547,2422,48,163,62,77
2020-04-03,Punjab,48,0,1,5,2547,2422,48,163,62,77
2020-04-03,Rajasthan,165,2,3,0,2547,2422,48,163,62,77
2020-04-03,Tamil Nadu,303,6,6,1,2547,2422,48,163,62,77
2020-04-03,Telengana,148,10,1,7,2547,2422,48,163,62,77
2020-04-03,Uttarakhand,9,1,2,0,2547,2422,48,163,62,77
2020-04-03,Uttar Pradesh,171,1,14,2,2547,2422,48,163,62,77
2020-04-03,West Bengal,63,0,3,3,2547,2422,48,163,62,77
2020-04-04,Andhra Pradesh,161,0,1,1,3072,3024,48,213,75,0
2020-04-04,Andaman and Nicobar Islands,10,0,0,0,3072,3024,48,213,75,0
2020-04-04,Arunachal Pradesh,1,0,0,0,3072,3024,48,213,75,0
2020-04-04,Assam,24,0,0,0,3072,3024,48,213,75,0
2020-04-04,Bihar,30,0,0,1,3072,3024,48,213,75,0
2020-04-04,Chandigarh,18,0,0,0,3072,3024,48,213,75,0
2020-04-04,Chhattisgarh,9,0,3,0,3072,3024,48,213,75,0
2020-04-04,Delhi,444,1,15,6,3072,3024,48,213,75,0
2020-04-04,Goa,6,1,0,0,3072,3024,48,213,75,0
2020-04-04,Gujarat,104,1,14,10,3072,3024,48,213,75,0
2020-04-04,Haryana,35,14,24,0,3072,3024,48,213,75,0
2020-04-04,Himachal Pradesh,6,0,1,1,3072,3024,48,213,75,0
2020-04-04,Jammu and Kashmir,75,0,3,2,3072,3024,48,213,75,0
2020-04-04,Jharkhand,2,0,0,0,3072,3024,48,213,75,0
2020-04-04,Karnataka,128,0,12,3,3072,3024,48,213,75,0
2020-04-04,Kerala,287,8,41,2,3072,3024,48,213,75,0
2020-04-04,Ladakh,14,0,3,0,3072,3024,48,213,75,0
2020-04-04,Madhya Pradesh,104,0,0,6,3072,3024,48,213,75,0
2020-04-04,Maharashtra,487,3,42,24,3072,3024,48,213,75,0
2020-04-04,Manipur,2,0,0,0,3072,3024,48,213,75,0
2020-04-04,Mizoram,1,0,0,0,3072,3024,48,213,75,0
2020-04-04,Odisha,5,0,0,0,3072,3024,48,213,75,0
2020-04-04,Puducherry,5,0,1,0,3072,3024,48,213,75,0
2020-04-04,Punjab,57,0,1,5,3072,3024,48,213,75,0
2020-04-04,Rajasthan,198,2,21,0,3072,3024,48,213,75,0
2020-04-04,Tamil Nadu,405,6,6,2,3072,3024,48,213,75,0
2020-04-04,Telengana,149,10,1,7,3072,3024,48,213,75,0
2020-04-04,Uttarakhand,15,1,2,0,3072,3024,48,213,75,0
2020-04-04,Uttar Pradesh,173,1,19,2,3072,3024,48,213,75,0
2020-04-04,West Bengal,69,0,3,3,3072,3024,48,213,75,0
2020-04-05,Andhra Pradesh,190,0,1,1,3577,3529,48,275,83,0
2020-04-05,Andaman and Nicobar Islands,10,0,0,0,3577,3529,48,275,83,0
2020-04-05,Arunachal Pradesh,1,0,0,0,3577,3529,48,275,83,0
2020-04-05,Assam,26,0,0,0,3577,3529,48,275,83,0
2020-04-05,Bihar,30,0,0,1,3577,3529,48,275,83,0
2020-04-05,Chandigarh,18,0,0,0,3577,3529,48,275,83,0
2020-04-05,Chhattisgarh,9,0,3,0,3577,3529,48,275,83,0
2020-04-05,Delhi,502,1,18,7,3577,3529,48,275,83,0
2020-04-05,Goa,6,1,0,0,3577,3529,48,275,83,0
2020-04-05,Gujarat,121,1,18,11,3577,3529,48,275,83,0
2020-04-05,Haryana,45,14,25,1,3577,3529,48,275,83,0
2020-04-05,Himachal Pradesh,6,0,1,1,3577,3529,48,275,83,0
2020-04-05,Jammu and Kashmir,106,0,4,2,3577,3529,48,275,83,0
2020-04-05,Jharkhand,3,0,0,0,3577,3529,48,275,83,0
2020-04-05,Karnataka,144,0,12,4,3577,3529,48,275,83,0
2020-04-05,Kerala,298,8,49,2,3577,3529,48,275,83,0
2020-04-05,Ladakh,14,0,10,0,3577,3529,48,275,83,0
2020-04-05,Madhya Pradesh,165,0,0,9,3577,3529,48,275,83,0
2020-04-05,Maharashtra,487,3,42,24,3577,3529,48,275,83,0
2020-04-05,Manipur,2,0,0,0,3577,3529,48,275,83,0
2020-04-05,Mizoram,1,0,0,0,3577,3529,48,275,83,0
2020-04-05,Odisha,20,0,0,0,3577,3529,48,275,83,0
2020-04-05,Puducherry,5,0,1,0,3577,3529,48,275,83,0
2020-04-05,Punjab,57,0,1,5,3577,3529,48,275,83,0
2020-04-05,Rajasthan,198,2,21,0,3577,3529,48,275,83,0
2020-04-05,Tamil Nadu,479,6,6,3,3577,3529,48,275,83,0
2020-04-05,Telengana,259,10,32,7,3577,3529,48,275,83,0
2020-04-05,Uttarakhand,21,1,2,0,3577,3529,48,275,83,0
2020-04-05,Uttar Pradesh,226,1,19,2,3577,3529,48,275,83,0
2020-04-05,West Bengal,80,0,10,3,3577,3529,48,275,83,0
2020-04-06,Andhra Pradesh,226,0,1,3,4281,4233,48,319,111,0
2020-04-06,Andaman and Nicobar Islands,10,0,0,0,4281,4233,48,319,111,0
2020-04-06,Arunachal Pradesh,1,0,0,0,4281,4233,48,319,111,0
2020-04-06,Assam,26,0,0,0,4281,4233,48,319,111,0
2020-04-06,Bihar,32,0,0,1,4281,4233,48,319,111,0
2020-04-06,Chandigarh,18,0,0,0,4281,4233,48,319,111,0
2020-04-06,Chhattisgarh,10,0,8,0,4281,4233,48,319,111,0
2020-04-06,Delhi,522,1,19,7,4281,4233,48,319,111,0
2020-04-06,Goa,6,1,0,0,4281,4233,48,319,111,0
2020-04-06,Gujarat,143,1,22,12,4281,4233,48,319,111,0
2020-04-06,Haryana,70,14,25,1,4281,4233,48,319,111,0
2020-04-06,Himachal Pradesh,13,0,2,1,4281,4233,48,319,111,0
2020-04-06,Jammu and Kashmir,109,0,4,2,4281,4233,48,319,111,0
2020-04-06,Jharkhand,4,0,0,0,4281,4233,48,319,111,0
2020-04-06,Karnataka,151,0,12,4,4281,4233,48,319,111,0
2020-04-06,Kerala,306,8,55,2,4281,4233,48,319,111,0
2020-04-06,Ladakh,14,0,10,0,4281,4233,48,319,111,0
2020-04-06,Madhya Pradesh,165,0,0,9,4281,4233,48,319,111,0
2020-04-06,Maharashtra,745,3,56,45,4281,4233,48,319,111,0
2020-04-06,Manipur,2,0,0,0,4281,4233,48,319,111,0
2020-04-06,Mizoram,1,0,0,0,4281,4233,48,319,111,0
2020-04-06,Odisha,21,0,2,0,4281,4233,48,319,111,0
2020-04-06,Puducherry,5,0,1,0,4281,4233,48,319,111,0
2020-04-06,Punjab,76,0,4,6,4281,4233,48,319,111,0
2020-04-06,Rajasthan,272,2,21,0,4281,4233,48,319,111,0
2020-04-06,Tamil Nadu,565,6,8,5,4281,4233,48,319,111,0
2020-04-06,Telengana,311,10,34,7,4281,4233,48,319,111,0
2020-04-06,Uttarakhand,25,1,4,0,4281,4233,48,319,111,0
2020-04-06,Uttar Pradesh,304,1,21,3,4281,4233,48,319,111,0
2020-04-06,West Bengal,80,0,10,3,4281,4233,48,319,111,0
2020-04-07,Andhra Pradesh,266,0,1,3,4789,4741,48,353,124,0
2020-04-07,Andaman and Nicobar Islands,10,0,0,0,4789,4741,48,353,124,0
2020-04-07,Arunachal Pradesh,1,0,0,0,4789,4741,48,353,124,0
2020-04-07,Assam,26,0,0,0,4789,4741,48,353,124,0
2020-04-07,Bihar,32,0,0,1,4789,4741,48,353,124,0
2020-04-07,Chandigarh,18,0,7,0,4789,4741,48,353,124,0
2020-04-07,Chhattisgarh,10,0,9,0,4789,4741,48,353,124,0
2020-04-07,Delhi,575,1,21,7,4789,4741,48,353,124,0
2020-04-07,Goa,6,1,0,0,4789,4741,48,353,124,0
2020-04-07,Gujarat,164,1,25,13,4789,4741,48,353,124,0
2020-04-07,Haryana,76,14,25,1,4789,4741,48,353,124,0
2020-04-07,Himachal Pradesh,13,0,2,1,4789,4741,48,353,124,0
2020-04-07,Jammu and Kashmir,116,0,4,2,4789,4741,48,353,124,0
2020-04-07,Jharkhand,4,0,0,0,4789,4741,48,353,124,0
2020-04-07,Karnataka,175,0,25,4,4789,4741,48,353,124,0
2020-04-07,Kerala,319,8,58,2,4789,4741,48,353,124,0
2020-04-07,Ladakh,14,0,10,0,4789,4741,48,353,124,0
2020-04-07,Madhya Pradesh,229,0,0,13,4789,4741,48,353,124,0
2020-04-07,Maharashtra,865,3,56,48,4789,4741,48,353,124,0
2020-04-07,Manipur,2,0,0,0,4789,4741,48,353,124,0
2020-04-07,Mizoram,1,0,0,0,4789,4741,48,353,124,0
2020-04-07,Odisha,42,0,2,1,4789,4741,48,353,124,0
2020-04-07,Puducherry,5,0,1,0,4789,4741,48,353,124,0
2020-04-07,Punjab,91,0,4,7,4789,4741,48,353,124,0
2020-04-07,Rajasthan,286,2,21,3,4789,4741,48,353,124,0
2020-04-07,Tamil Nadu,615,6,8,5,4789,4741,48,353,124,0
2020-04-07,Telengana,354,10,35,7,4789,4741,48,353,124,0
2020-04-07,Tripura,1,0,0,0,4789,4741,48,353,124,0
2020-04-07,Uttarakhand,30,1,5,0,4789,4741,48,353,124,0
2020-04-07,Uttar Pradesh,304,1,21,3,4789,4741,48,353,124,0
2020-04-07,West Bengal,91,0,13,3,4789,4741,48,353,124,0
2020-04-08,Andhra Pradesh,305,0,5,4,5274,5226,48,411,149,0
2020-04-08,Andaman and Nicobar Islands,10,0,0,0,5274,5226,48,411,149,0
2020-04-08,Arunachal Pradesh,1,0,0,0,5274,5226,48,411,149,0
2020-04-08,Assam,27,0,0,0,5274,5226,48,411,149,0
2020-04-08,Bihar,38,0,0,1,5274,5226,48,411,149,0
2020-04-08,Chandigarh,18,0,7,0,5274,5226,48,411,149,0
2020-04-08,Chhattisgarh,10,0,9,0,5274,5226,48,411,149,0
2020-04-08,Delhi,575,1,21,9,5274,5226,48,411,149,0
2020-04-08,Goa,6,1,0,0,5274,5226,48,411,149,0
2020-04-08,Gujarat,164,1,25,13,5274,5226,48,411,149,0
2020-04-08,Haryana,133,14,28,3,5274,5226,48,411,149,0
2020-04-08,Himachal Pradesh,18,0,2,1,5274,5226,48,411,149,0
2020-04-08,Jammu and Kashmir,116,0,4,2,5274,5226,48,411,149,0
2020-04-08,Jharkhand,4,0,0,0,5274,5226,48,411,149,0
2020-04-08,Karnataka,175,0,25,4,5274,5226,48,411,149,0
2020-04-08,Kerala,328,8,70,2,5274,5226,48,411,149,0
2020-04-08,Ladakh,14,0,10,0,5274,5226,48,411,149,0
2020-04-08,Madhya Pradesh,229,0,0,13,5274,5226,48,411,149,0
2020-04-08,Maharashtra,1015,3,79,64,5274,5226,48,411,149,0
2020-04-08,Manipur,2,0,0,0,5274,5226,48,411,149,0
2020-04-08,Mizoram,1,0,0,0,5274,5226,48,411,149,0
2020-04-08,Odisha,42,0,2,1,5274,5226,48,411,149,0
2020-04-08,Puducherry,5,0,1,0,5274,5226,48,411,149,0
2020-04-08,Punjab,91,0,4,7,5274,5226,48,411,149,0
2020-04-08,Rajasthan,326,2,21,3,5274,5226,48,411,149,0
2020-04-08,Tamil Nadu,684,6,19,7,5274,5226,48,411,149,0
2020-04-08,Telengana,417,10,35,7,5274,5226,48,411,149,0
2020-04-08,Tripura,1,0,0,0,5274,5226,48,411,149,0
2020-04-08,Uttarakhand,30,1,5,0,5274,5226,48,411,149,0
2020-04-08,Uttar Pradesh,342,1,26,3,5274,5226,48,411,149,0
2020-04-08,West Bengal,99,0,13,5,5274,5226,48,411,149,0
2020-04-09,Andhra Pradesh,348,0,6,4,5865,5817,48,478,169,0
2020-04-09,Andaman and Nicobar Islands,11,0,0,0,5865,5817,48,478,169,0
2020-04-09,Arunachal Pradesh,1,0,0,0,5865,5817,48,478,169,0
2020-04-09,Assam,28,0,0,0,5865,5817,48,478,169,0
2020-04-09,Bihar,39,0,0,1,5865,5817,48,478,169,0
2020-04-09,Chandigarh,18,0,7,0,5865,5817,48,478,169,0
2020-04-09,Chhattisgarh,10,0,9,0,5865,5817,48,478,169,0
2020-04-09,Delhi,668,1,21,9,5865,5817,48,478,169,0
2020-04-09,Goa,6,1,0,0,5865,5817,48,478,169,0
2020-04-09,Gujarat,178,1,25,16,5865,5817,48,478,169,0
2020-04-09,Haryana,155,14,29,3,5865,5817,48,478,169,0
2020-04-09,Himachal Pradesh,18,0,2,1,5865,5817,48,478,169,0
2020-04-09,Jammu and Kashmir,158,0,4,4,5865,5817,48,478,169,0
2020-04-09,Jharkhand,13,0,0,0,5865,5817,48,478,169,0
2020-04-09,Karnataka,181,0,28,5,5865,5817,48,478,169,0
2020-04-09,Kerala,337,8,83,2,5865,5817,48,478,169,0
2020-04-09,Ladakh,14,0,10,0,5865,5817,48,478,169,0
2020-04-09,Madhya Pradesh,259,0,0,16,5865,5817,48,478,169,0
2020-04-09,Maharashtra,1132,3,117,72,5865,5817,48,478,169,0
2020-04-09,Manipur,2,0,1,0,5865,5817,48,478,169,0
2020-04-09,Mizoram,1,0,0,0,5865,5817,48,478,169,0
2020-04-09,Odisha,42,0,2,1,5865,5817,48,478,169,0
2020-04-09,Puducherry,5,0,1,0,5865,5817,48,478,169,0
2020-04-09,Punjab,101,0,4,8,5865,5817,48,478,169,0
2020-04-09,Rajasthan,381,2,21,3,5865,5817,48,478,169,0
2020-04-09,Tamil Nadu,732,6,21,8,5865,5817,48,478,169,0
2020-04-09,Telengana,432,10,35,7,5865,5817,48,478,169,0
2020-04-09,Tripura,1,0,0,0,5865,5817,48,478,169,0
2020-04-09,Uttarakhand,34,1,5,0,5865,5817,48,478,169,0
2020-04-09,Uttar Pradesh,409,1,31,4,5865,5817,48,478,169,0
2020-04-09,West Bengal,103,0,16,5,5865,5817,48,478,169,0
2020-04-10,Andhra Pradesh,363,0,7,6,6761,6713,48,516,206,0
2020-04-10,Andaman and Nicobar Islands,11,0,0,0,6761,6713,48,516,206,0
2020-04-10,Arunachal Pradesh,1,0,0,0,6761,6713,48,516,206,0
2020-04-10,Assam,29,0,0,0,6761,6713,48,516,206,0
2020-04-10,Bihar,60,0,0,1,6761,6713,48,516,206,0
2020-04-10,Chandigarh,18,0,7,0,6761,6713,48,516,206,0
2020-04-10,Chhattisgarh,10,0,9,0,6761,6713,48,516,206,0
2020-04-10,Delhi,897,1,25,13,6761,6713,48,516,206,0
2020-04-10,Goa,6,1,1,0,6761,6713,48,516,206,0
2020-04-10,Gujarat,240,1,26,17,6761,6713,48,516,206,0
2020-04-10,Haryana,155,14,29,3,6761,6713,48,516,206,0
2020-04-10,Himachal Pradesh,28,0,6,1,6761,6713,48,516,206,0
2020-04-10,Jammu and Kashmir,184,0,6,4,6761,6713,48,516,206,0
2020-04-10,Jharkhand,13,0,0,1,6761,6713,48,516,206,0
2020-04-10,Karnataka,197,0,30,6,6761,6713,48,516,206,0
2020-04-10,Kerala,349,8,96,2,6761,6713,48,516,206,0
2020-04-10,Ladakh,15,0,10,0,6761,6713,48,516,206,0
2020-04-10,Madhya Pradesh,259,0,0,16,6761,6713,48,516,206,0
2020-04-10,Maharashtra,1361,3,125,97,6761,6713,48,516,206,0
2020-04-10,Manipur,2,0,1,0,6761,6713,48,516,206,0
2020-04-10,Mizoram,1,0,0,0,6761,6713,48,516,206,0
2020-04-10,Odisha,44,0,2,1,6761,6713,48,516,206,0
2020-04-10,Puducherry,5,0,1,0,6761,6713,48,516,206,0
2020-04-10,Punjab,132,0,5,11,6761,6713,48,516,206,0
2020-04-10,Rajasthan,461,2,21,3,6761,6713,48,516,206,0
2020-04-10,Tamil Nadu,828,6,21,8,6761,6713,48,516,206,0
2020-04-10,Telengana,463,10,35,7,6761,6713,48,516,206,0
2020-04-10,Tripura,1,0,0,0,6761,6713,48,516,206,0
2020-04-10,Uttarakhand,34,1,5,0,6761,6713,48,516,206,0
2020-04-10,Uttar Pradesh,430,1,32,4,6761,6713,48,516,206,0
2020-04-10,West Bengal,116,0,16,5,6761,6713,48,516,206,0
2020-04-11,Andhra Pradesh,381,0,11,6,7529,7481,48,653,242,0
2020-04-11,Andaman and Nicobar Islands,11,0,0,0,7529,7481,48,653,242,0
2020-04-11,Arunachal Pradesh,1,0,0,0,7529,7481,48,653,242,0
2020-04-11,Assam,29,0,0,1,7529,7481,48,653,242,0
2020-04-11,Bihar,60,0,0,1,7529,7481,48,653,242,0
2020-04-11,Chandigarh,18,0,7,0,7529,7481,48,653,242,0
2020-04-11,Chhattisgarh,18,0,9,0,7529,7481,48,653,242,0
2020-04-11,Delhi,902,1,25,14,7529,7481,48,653,242,0
2020-04-11,Goa,6,1,1,0,7529,7481,48,653,242,0
2020-04-11,Gujarat,307,1,31,19,7529,7481,48,653,242,0
2020-04-11,Haryana,163,14,29,3,7529,7481,48,653,242,0
2020-04-11,Himachal Pradesh,28,0,6,1,7529,7481,48,653,242,0
2020-04-11,Jammu and Kashmir,207,0,6,4,7529,7481,48,653,242,0
2020-04-11,Jharkhand,17,0,0,1,7529,7481,48,653,242,0
2020-04-11,Karnataka,214,0,37,6,7529,7481,48,653,242,0
2020-04-11,Kerala,356,8,123,2,7529,7481,48,653,242,0
2020-04-11,Ladakh,15,0,10,0,7529,7481,48,653,242,0
2020-04-11,Madhya Pradesh,443,0,0,33,7529,7481,48,653,242,0
2020-04-11,Maharashtra,1571,3,188,110,7529,7481,48,653,242,0
2020-04-11,Manipur,2,0,1,0,7529,7481,48,653,242,0
2020-04-11,Mizoram,1,0,0,0,7529,7481,48,653,242,0
2020-04-11,Odisha,48,0,2,1,7529,7481,48,653,242,0
2020-04-11,Puducherry,7,0,1,0,7529,7481,48,653,242,0
2020-04-11,Punjab,132,0,5,11,7529,7481,48,653,242,0
2020-04-11,Rajasthan,551,2,21,3,7529,7481,48,653,242,0
2020-04-11,Tamil Nadu,905,6,44,8,7529,7481,48,653,242,0
2020-04-11,Telengana,494,10,43,9,7529,7481,48,653,242,0
2020-04-11,Tripura,2,0,0,0,7529,7481,48,653,242,0
2020-04-11,Uttarakhand,34,1,5,0,7529,7481,48,653,242,0
2020-04-11,Uttar Pradesh,432,1,32,4,7529,7481,48,653,242,0
2020-04-11,West Bengal,126,0,16,5,7529,7481,48,653,242,0
2020-04-12,Andhra Pradesh,381,0,11,6,8447,8399,48,765,273,0
2020-04-12,Andaman and Nicobar Islands,11,0,10,0,8447,8399,48,765,273,0
2020-04-12,Arunachal Pradesh,1,0,0,0,8447,8399,48,765,273,0
2020-04-12,Assam,29,0,0,1,8447,8399,48,765,273,0
2020-04-12,Bihar,64,0,19,1,8447,8399,48,765,273,0
2020-04-12,Chandigarh,19,0,7,0,8447,8399,48,765,273,0
2020-04-12,Chhattisgarh,25,0,10,0,8447,8399,48,765,273,0
2020-04-12,Delhi,1068,1,25,19,8447,8399,48,765,273,0
2020-04-12,Goa,6,1,5,0,8447,8399,48,765,273,0
2020-04-12,Gujarat,431,1,44,22,8447,8399,48,765,273,0
2020-04-12,Haryana,171,14,29,3,8447,8399,48,765,273,0
2020-04-12,Himachal Pradesh,32,0,6,1,8447,8399,48,765,273,0
2020-04-12,Jammu and Kashmir,224,0,6,4,8447,8399,48,765,273,0
2020-04-12,Jharkhand,17,0,0,1,8447,8399,48,765,273,0
2020-04-12,Karnataka,226,0,37,6,8447,8399,48,765,273,0
2020-04-12,Kerala,366,8,142,2,8447,8399,48,765,273,0
2020-04-12,Ladakh,15,0,10,0,8447,8399,48,765,273,0
2020-04-12,Madhya Pradesh,564,0,0,36,8447,8399,48,765,273,0
2020-04-12,Maharashtra,1758,3,208,127,8447,8399,48,765,273,0
2020-04-12,Manipur,2,0,1,0,8447,8399,48,765,273,0
2020-04-12,Mizoram,1,0,0,0,8447,8399,48,765,273,0
2020-04-12,Odisha,54,0,12,1,8447,8399,48,765,273,0
2020-04-12,Puducherry,7,0,1,0,8447,8399,48,765,273,0
2020-04-12,Punjab,151,0,5,11,8447,8399,48,765,273,0
2020-04-12,Rajasthan,698,2,21,3,8447,8399,48,765,273,0
2020-04-12,Tamil Nadu,963,6,44,10,8447,8399,48,765,273,0
2020-04-12,Telengana,494,10,43,9,8447,8399,48,765,273,0
2020-04-12,Tripura,2,0,0,0,8447,8399,48,765,273,0
2020-04-12,Uttarakhand,34,1,5,0,8447,8399,48,765,273,0
2020-04-12,Uttar Pradesh,451,1,45,5,8447,8399,48,765,273,0
2020-04-12,West Bengal,134,0,19,5,8447,8399,48,765,273,0
2020-04-13,Andhra Pradesh,432,0,11,7,9352,9304,48,980,324,0
2020-04-13,Andaman and Nicobar Islands,11,0,10,0,9352,9304,48,980,324,0
2020-04-13,Arunachal Pradesh,1,0,0,0,9352,9304,48,980,324,0
2020-04-13,Assam,31,0,0,1,9352,9304,48,980,324,0
2020-04-13,Bihar,64,0,26,1,9352,9304,48,980,324,0
2020-04-13,Chandigarh,21,0,7,0,9352,9304,48,980,324,0
2020-04-13,Chhattisgarh,31,0,10,0,9352,9304,48,980,324,0
2020-04-13,Delhi,1153,1,27,24,9352,9304,48,980,324,0
2020-04-13,Goa,6,1,5,0,9352,9304,48,980,324,0
2020-04-13,Gujarat,538,1,47,26,9352,9304,48,980,324,0
2020-04-13,Haryana,171,14,29,3,9352,9304,48,980,324,0
2020-04-13,Himachal Pradesh,32,0,13,1,9352,9304,48,980,324,0
2020-04-13,Jammu and Kashmir,245,0,6,4,9352,9304,48,980,324,0
2020-04-13,Jharkhand,19,0,0,2,9352,9304,48,980,324,0
2020-04-13,Karnataka,247,0,59,6,9352,9304,48,980,324,0
2020-04-13,Kerala,368,8,179,3,9352,9304,48,980,324,0
2020-04-13,Ladakh,15,0,10,0,9352,9304,48,980,324,0
2020-04-13,Madhya Pradesh,604,0,44,43,9352,9304,48,980,324,0
2020-04-13,Maharashtra,1982,3,217,149,9352,9304,48,980,324,0
2020-04-13,Manipur,2,0,1,0,9352,9304,48,980,324,0
2020-04-13,Mizoram,1,0,0,0,9352,9304,48,980,324,0
2020-04-13,Nagaland,1,0,0,0,9352,9304,48,980,324,0
2020-04-13,Odisha,54,0,12,1,9352,9304,48,980,324,0
2020-04-13,Puducherry,7,0,1,0,9352,9304,48,980,324,0
2020-04-13,Punjab,167,0,14,11,9352,9304,48,980,324,0
2020-04-13,Rajasthan,810,2,21,3,9352,9304,48,980,324,0
2020-04-13,Tamil Nadu,1069,6,50,11,9352,9304,48,980,324,0
2020-04-13,Telengana,552,10,100,16,9352,9304,48,980,324,0
2020-04-13,Tripura,2,0,0,0,9352,9304,48,980,324,0
2020-04-13,Uttarakhand,34,1,5,0,9352,9304,48,980,324,0
2020-04-13,Uttar Pradesh,482,1,47,5,9352,9304,48,980,324,0
2020-04-13,West Bengal,152,0,29,7,9352,9304,48,980,324,0
2020-04-14,Andhra Pradesh,473,0,14,9,10815,10767,48,1190,353,0
2020-04-14,Andaman and Nicobar Islands,11,0,10,0,10815,10767,48,1190,353,0
2020-04-14,Arunachal Pradesh,1,0,0,0,10815,10767,48,1190,353,0
2020-04-14,Assam,31,0,0,1,10815,10767,48,1190,353,0
2020-04-14,Bihar,66,0,26,1,10815,10767,48,1190,353,0
2020-04-14,Chandigarh,21,0,7,0,10815,10767,48,1190,353,0
2020-04-14,Chhattisgarh,31,0,10,0,10815,10767,48,1190,353,0
2020-04-14,Delhi,1509,1,30,28,10815,10767,48,1190,353,0
2020-04-14,Goa,6,1,5,0,10815,10767,48,1190,353,0
2020-04-14,Gujarat,616,1,55,26,10815,10767,48,1190,353,0
2020-04-14,Haryana,185,14,34,3,10815,10767,48,1190,353,0
2020-04-14,Himachal Pradesh,32,0,13,1,10815,10767,48,1190,353,0
2020-04-14,Jammu and Kashmir,270,0,16,4,10815,10767,48,1190,353,0
2020-04-14,Jharkhand,24,0,0,2,10815,10767,48,1190,353,0
2020-04-14,Karnataka,258,0,65,9,10815,10767,48,1190,353,0
2020-04-14,Kerala,371,8,198,3,10815,10767,48,1190,353,0
2020-04-14,Ladakh,15,0,10,0,10815,10767,48,1190,353,0
2020-04-14,Madhya Pradesh,730,0,51,50,10815,10767,48,1190,353,0
2020-04-14,Maharashtra,2334,3,229,160,10815,10767,48,1190,353,0
2020-04-14,Manipur,2,0,1,0,10815,10767,48,1190,353,0
2020-04-14,Meghalaya,1,0,0,0,10815,10767,48,1190,353,0
2020-04-14,Mizoram,1,0,0,0,10815,10767,48,1190,353,0
2020-04-14,Nagaland,1,0,0,0,10815,10767,48,1190,353,0
2020-04-14,Odisha,55,0,18,1,10815,10767,48,1190,353,0
2020-04-14,Puducherry,7,0,1,0,10815,10767,48,1190,353,0
2020-04-14,Punjab,176,0,14,12,10815,10767,48,1190,353,0
2020-04-14,Rajasthan,877,2,133,3,10815,10767,48,1190,353,0
2020-04-14,Tamil Nadu,1167,6,58,11,10815,10767,48,1190,353,0
2020-04-14,Telengana,614,10,100,17,10815,10767,48,1190,353,0
2020-04-14,Tripura,2,0,0,0,10815,10767,48,1190,353,0
2020-04-14,Uttarakhand,34,1,7,0,10815,10767,48,1190,353,0
2020-04-14,Uttar Pradesh,656,1,49,5,10815,10767,48,1190,353,0
2020-04-14,West Bengal,190,0,36,7,10815,10767,48,1190,353,0
2020-04-15,Andhra Pradesh,483,0,16,9,11439,11391,48,1306,377,0
2020-04-15,Andaman and Nicobar Islands,11,0,10,0,11439,11391,48,1306,377,0
2020-04-15,Arunachal Pradesh,1,0,0,0,11439,11391,48,1306,377,0
2020-04-15,Assam,32,0,0,1,11439,11391,48,1306,377,0
2020-04-15,Bihar,66,0,29,1,11439,11391,48,1306,377,0
2020-04-15,Chandigarh,21,0,7,0,11439,11391,48,1306,377,0
2020-04-15,Chhattisgarh,33,0,13,0,11439,11391,48,1306,377,0
2020-04-15,Delhi,1560,1,30,30,11439,11391,48,1306,377,0
2020-04-15,Goa,6,1,5,0,11439,11391,48,1306,377,0
2020-04-15,Gujarat,649,1,59,28,11439,11391,48,1306,377,0
2020-04-15,Haryana,185,14,34,3,11439,11391,48,1306,377,0
2020-04-15,Himachal Pradesh,33,0,13,1,11439,11391,48,1306,377,0
2020-04-15,Jammu and Kashmir,278,0,30,4,11439,11391,48,1306,377,0
2020-04-15,Jharkhand,27,0,0,2,11439,11391,48,1306,377,0
2020-04-15,Karnataka,260,0,71,10,11439,11391,48,1306,377,0
2020-04-15,Kerala,379,8,211,3,11439,11391,48,1306,377,0
2020-04-15,Ladakh,17,0,10,0,11439,11391,48,1306,377,0
2020-04-15,Madhya Pradesh,730,0,51,50,11439,11391,48,1306,377,0
2020-04-15,Maharashtra,2684,3,259,178,11439,11391,48,1306,377,0
2020-04-15,Manipur,2,0,1,0,11439,11391,48,1306,377,0
2020-04-15,Meghalaya,1,0,0,0,11439,11391,48,1306,377,0
2020-04-15,Mizoram,1,0,0,0,11439,11391,48,1306,377,0
2020-04-15,Nagaland#,0,0,0,0,11439,11391,48,1306,377,0
2020-04-15,Odisha,60,0,18,1,11439,11391,48,1306,377,0
2020-04-15,Puducherry,7,0,1,0,11439,11391,48,1306,377,0
2020-04-15,Punjab,176,0,14,12,11439,11391,48,1306,377,0
2020-04-15,Rajasthan,967,2,147,3,11439,11391,48,1306,377,0
2020-04-15,Tamil Nadu,1198,6,81,12,11439,11391,48,1306,377,0
2020-04-15,Telengana,614,10,100,17,11439,11391,48,1306,377,0
2020-04-15,Tripura,2,0,0,0,11439,11391,48,1306,377,0
2020-04-15,Uttarakhand,36,1,9,0,11439,11391,48,1306,377,0
2020-04-15,Uttar Pradesh,659,1,50,5,11439,11391,48,1306,377,0
2020-04-15,West Bengal,213,0,37,7,11439,11391,48,1306,377,0
